timeStamp,elapsed,label,responseCode,responseMessage,threadName,dataType,success,failureMessage,bytes,sentBytes,grpThreads,allThreads,Latency,IdleTime,Connect
1581970262171,2864,Initial,200,OK,Thread Group 1-1,text,true,,16501,2463,1,1,2177,0,2018
1581970262916,2712,Initial,200,OK,Thread Group 1-1,text,true,,16501,2463,1,1,1993,0,1842
1581970264016,2088,Initial,200,OK,Thread Group 1-1,text,true,,16484,2447,1,1,1631,0,1467
1581970264818,2150,Initial,200,OK,Thread Group 1-1,text,true,,16484,2447,1,1,1601,0,1434
1581970266810,797,Login,200,OK,Thread Group 1-1,text,true,,12374,1914,1,1,605,0,0
1581970267815,1608,SAML,200,OK,Thread Group 1-1,text,true,,18009,12521,1,1,1346,0,89
1581970269427,1051,Logout,200,OK,Thread Group 1-1,text,true,,21497,8246,1,1,118,0,0
1581970266164,1160,Login,200,OK,Thread Group 1-1,text,true,,12374,1914,1,1,855,0,0
1581970267507,1909,SAML,200,OK,Thread Group 1-1,text,true,,18009,12521,1,1,1651,0,79
1581970269417,1121,Logout,200,OK,Thread Group 1-1,text,true,,21469,8280,1,1,135,0,0
1581970267261,1068,Login,200,OK,Thread Group 1-1,text,true,,12375,1914,1,1,664,0,132
1581970268398,1267,SAML,200,OK,Thread Group 1-1,text,true,,18009,12521,1,1,978,0,0
1581970269672,947,Logout,200,OK,Thread Group 1-1,text,true,,21452,8264,1,1,112,0,0
1581970268208,1377,Login,200,OK,Thread Group 1-1,text,true,,12375,1914,1,1,1190,0,88
1581970269721,804,SAML,200,OK,Thread Group 1-1,text,true,,18009,12521,1,1,524,0,0
1581970270528,1756,Logout,200,OK,Thread Group 1-1,text,true,,21514,8264,1,1,98,0,0
